name,gift_title,number,rarity,tg_link,market_link
Xmas Stocking #89066,Xmas Stocking,89066,,https://t.me/nft/XmasStocking-89066,https://marketapp.org/nft/EQDMamWOCjpNNinHTs2mlQJ8vttyT2j6gmMF6ZxHk75eNcaJ/?to=rent
Winter Wreath #41893,Winter Wreath,41893,,https://t.me/nft/WinterWreath-41893,https://marketapp.org/nft/EQDb2Y2JZoh1qC9y5Ol8ih3ZbQ_EBjkrruOQsvUhZVUIv8Cu/?to=rent
Whip Cupcake #48685,Whip Cupcake,48685,,https://t.me/nft/WhipCupcake-48685,https://marketapp.org/nft/EQBvAUy42vl9LGSlUMxPonPfLh1OrLFBScJJXin8oirkGZli/?to=rent
Whip Cupcake #39411,Whip Cupcake,39411,,https://t.me/nft/WhipCupcake-39411,https://marketapp.org/nft/EQDUPU_pUvxaW5vOuWhdZcrPFT6liW0vpzUD-sUxG8DF3TSf/?to=rent
Whip Cupcake #35969,Whip Cupcake,35969,,https://t.me/nft/WhipCupcake-35969,https://marketapp.org/nft/EQBCBmfjTL0_sA0E8ucXBrlyVAagyi6BBCgrK4NJNUhT3K64/?to=rent
Whip Cupcake #125976,Whip Cupcake,125976,,https://t.me/nft/WhipCupcake-125976,https://marketapp.org/nft/EQClasvzL5eYOSv4BHkNHgoRL7uxI-XTjOumrAxY-9unQL3N/?to=rent
Victory Medal #4490,Victory Medal,4490,,https://t.me/nft/VictoryMedal-4490,https://marketapp.org/nft/EQADl9Ge5tCAAM5NfsqNZxjswnUNcE-UbGUruMtERCADof4z/?to=rent
Victory Medal #41125,Victory Medal,41125,,https://t.me/nft/VictoryMedal-41125,https://marketapp.org/nft/EQC7YgeQVG4F98MRTjefsImTI3Ag_HqjDZw_SWsA5cFYGPw6/?to=rent
Victory Medal #41105,Victory Medal,41105,,https://t.me/nft/VictoryMedal-41105,https://marketapp.org/nft/EQATwjbi1GLf926OAEmuycU5tWpmWaL5QAPM3CzI9h0vztlr/?to=rent
Vice Cream #359393,Vice Cream,359393,,https://t.me/nft/ViceCream-359393,https://marketapp.org/nft/EQDPd1mFMJp8bcdwmjmI4ZvvLvNAr_TpvXhTmwFTrvQ0xqBY/?to=rent
Vice Cream #359392,Vice Cream,359392,,https://t.me/nft/ViceCream-359392,https://marketapp.org/nft/EQDE1sECANpZAYT3ENlFxmKJKO4WQqtOI5tGzyNNAeYYGuwP/?to=rent
Vice Cream #359391,Vice Cream,359391,,https://t.me/nft/ViceCream-359391,https://marketapp.org/nft/EQASvo_4441hhSARP0ojLZOr6HLDGYXiIe2cgmTG5DxO9HJY/?to=rent
Vice Cream #359390,Vice Cream,359390,,https://t.me/nft/ViceCream-359390,https://marketapp.org/nft/EQABtuJSZ0GzmjMIEtNGga4dIuvFJ-f6qR5GDajT_lTjUVEi/?to=rent
Vice Cream #359388,Vice Cream,359388,,https://t.me/nft/ViceCream-359388,https://marketapp.org/nft/EQAQQ26jxFDEGTudRK0xWyLkCqhbcyzhO8VqSFL28DOfXXom/?to=rent
Vice Cream #359386,Vice Cream,359386,,https://t.me/nft/ViceCream-359386,https://marketapp.org/nft/EQDHAgZ6I2aNsZSgwrZ7EvOVrL4h2RMv0MLfBcAkH9IrxZgv/?to=rent
Vice Cream #359384,Vice Cream,359384,,https://t.me/nft/ViceCream-359384,https://marketapp.org/nft/EQAPaY0YMfAz5tFKComJMo8WevUG1c9PeGn7lm_4oPNJJrm7/?to=rent
Vice Cream #359380,Vice Cream,359380,,https://t.me/nft/ViceCream-359380,https://marketapp.org/nft/EQCXwfXlonObPY7-zOd9nGN479-BEobxma8RZMJkF80VhNGJ/?to=rent
Vice Cream #359379,Vice Cream,359379,,https://t.me/nft/ViceCream-359379,https://marketapp.org/nft/EQBAmEqCN3m98H84_jF9w_xv8xErGhoMXmTlRCkto7x96jix/?to=rent
Vice Cream #359378,Vice Cream,359378,,https://t.me/nft/ViceCream-359378,https://marketapp.org/nft/EQBE20I0Kjl8ocChW9U5KnRvNF1pltjpRv6wouHnArh6w_1y/?to=rent
Vice Cream #359375,Vice Cream,359375,,https://t.me/nft/ViceCream-359375,https://marketapp.org/nft/EQCseWZTB6uoTIVWhQldrNQeSUhWmt6Kk_ATSgjGGdlLygV_/?to=rent
Vice Cream #359369,Vice Cream,359369,,https://t.me/nft/ViceCream-359369,https://marketapp.org/nft/EQCoO-WSR_GBHdNOrj6_UF7Psya2fHl4yNLJG_-jGwna1wLS/?to=rent
Vice Cream #359368,Vice Cream,359368,,https://t.me/nft/ViceCream-359368,https://marketapp.org/nft/EQCdmqilFqWc7OgSuXj5Nj6vxbBn8zXuRtT_-9EFAkWiIa_N/?to=rent
Vice Cream #359366,Vice Cream,359366,,https://t.me/nft/ViceCream-359366,https://marketapp.org/nft/EQD1ke5D-Z9aqS4g_Rd6Xx2Z3yKK_e3b9W8Ci-YWTUh_D_Jd/?to=rent
Vice Cream #359362,Vice Cream,359362,,https://t.me/nft/ViceCream-359362,https://marketapp.org/nft/EQBb5EC8WyB-IQ7jNjCUE779pq4Hy_tdMIx-cYkcyBxVV8Dg/?to=rent
Vice Cream #359361,Vice Cream,359361,,https://t.me/nft/ViceCream-359361,https://marketapp.org/nft/EQBv3HwwzJTVJqS64KEhpzB7C-e1tZSCprIo3LRMJ83Hn1qB/?to=rent
Vice Cream #359356,Vice Cream,359356,,https://t.me/nft/ViceCream-359356,https://marketapp.org/nft/EQBlUtaAOKknqv9zctVNo5pPqPQPo0J5_MFkDpYRyi6coynS/?to=rent
Vice Cream #359348,Vice Cream,359348,,https://t.me/nft/ViceCream-359348,https://marketapp.org/nft/EQBcRWErBXMgsTFh0_xXu1OZycstV6elM5AQB5J-NXD89eIs/?to=rent
Vice Cream #359344,Vice Cream,359344,,https://t.me/nft/ViceCream-359344,https://marketapp.org/nft/EQCyOLOy5asFLxw_sv5OMKDBPQriwjV3cVQ_O3Fqm7wxipj7/?to=rent
Vice Cream #359341,Vice Cream,359341,,https://t.me/nft/ViceCream-359341,https://marketapp.org/nft/EQBEqgLdEiWI5JjWihkvV7QWE3KwQ857zAWX0qFkc5rhDwjG/?to=rent
Vice Cream #359337,Vice Cream,359337,,https://t.me/nft/ViceCream-359337,https://marketapp.org/nft/EQCRJ7erRoZ3P0gXXhpPiHEeUbDCxZ06j9GytNOIioWtH8HG/?to=rent
Vice Cream #359330,Vice Cream,359330,,https://t.me/nft/ViceCream-359330,https://marketapp.org/nft/EQBdgaTLpEDvUdGt3bCu5xLUk6jkC_L5NNiPvK5W0gn__hS9/?to=rent
Vice Cream #359328,Vice Cream,359328,,https://t.me/nft/ViceCream-359328,https://marketapp.org/nft/EQAFDR5PVzn_MY0Ae91WP0PyI0E0TQVSmjlrDEvOR4s4mUWR/?to=rent
Vice Cream #359326,Vice Cream,359326,,https://t.me/nft/ViceCream-359326,https://marketapp.org/nft/EQDbDQaF1f6P4UFpXXEry9706T09vuIO57jBCGvKH6r7u5AB/?to=rent
Vice Cream #359325,Vice Cream,359325,,https://t.me/nft/ViceCream-359325,https://marketapp.org/nft/EQAUPFkR-RXYUcoE2-aaulCWDtcLgc2d9Seky-G4TtwbBpOf/?to=rent
Vice Cream #359324,Vice Cream,359324,,https://t.me/nft/ViceCream-359324,https://marketapp.org/nft/EQAFKK2llGDmiDDg_BbgFFq_f03GNeo5F1W_AF60QTKW-YIt/?to=rent
Vice Cream #359321,Vice Cream,359321,,https://t.me/nft/ViceCream-359321,https://marketapp.org/nft/EQC5ZuElDS9ZOnnacJzjROVBJYAygietGWRxHcQ11dCSJhoa/?to=rent
Vice Cream #359315,Vice Cream,359315,,https://t.me/nft/ViceCream-359315,https://marketapp.org/nft/EQAhju-dCS6AcojU4bWCazIB3JBMDZstPkL0jMwSk9VdeR7B/?to=rent
Vice Cream #359312,Vice Cream,359312,,https://t.me/nft/ViceCream-359312,https://marketapp.org/nft/EQBoTQQ2ADNtFhtolG97o_KdqkyNZ33lKNf8fyKb_3ZAVGSS/?to=rent
Vice Cream #359311,Vice Cream,359311,,https://t.me/nft/ViceCream-359311,https://marketapp.org/nft/EQB5dGSAkRHGcadn30f05NAY7Od0r03qJCSoSzxMDDeljXND/?to=rent
Vice Cream #359310,Vice Cream,359310,,https://t.me/nft/ViceCream-359310,https://marketapp.org/nft/EQDKIa1Waj_DUa5BsmMt7kfe3dDI2NXZu76Vzelq_dmbKk82/?to=rent
Vice Cream #359309,Vice Cream,359309,,https://t.me/nft/ViceCream-359309,https://marketapp.org/nft/EQDmLpMn8Q3Qhwib8JyXJ04r-IvKya0ltAAQe_57uoWJFnnL/?to=rent
Vice Cream #359307,Vice Cream,359307,,https://t.me/nft/ViceCream-359307,https://marketapp.org/nft/EQAOKD0H7NE77bSx5jXf1xKkVtWHvb9G9DpgB96D6E2Bdq6Q/?to=rent
Vice Cream #359306,Vice Cream,359306,,https://t.me/nft/ViceCream-359306,https://marketapp.org/nft/EQCUWyk0pFrbcTGBNrIjBgKBkCo2BwjXPwLCQXunvbjdKUo8/?to=rent
Vice Cream #359304,Vice Cream,359304,,https://t.me/nft/ViceCream-359304,https://marketapp.org/nft/EQAlgrHcPN0iHIhmeR_eQd8UdRGVlh0OotsZ8GSa7HHY6v7i/?to=rent
Vice Cream #359302,Vice Cream,359302,,https://t.me/nft/ViceCream-359302,https://marketapp.org/nft/EQAIQ_jb6wX6yqoYCrfWyq6WQjVn_Vjfaee7zIaQyGdzHaiQ/?to=rent
Vice Cream #359301,Vice Cream,359301,,https://t.me/nft/ViceCream-359301,https://marketapp.org/nft/EQDTztjPsQ3fxFWn7pdUZOLyAfmsBC5FBOjUPBgjSguC26EY/?to=rent
Vice Cream #359299,Vice Cream,359299,,https://t.me/nft/ViceCream-359299,https://marketapp.org/nft/EQAQ5s3-WN50BJ4UGHlvBPb5UvEGoUjqp8gwFbHtkqCY6RhG/?to=rent
Vice Cream #359298,Vice Cream,359298,,https://t.me/nft/ViceCream-359298,https://marketapp.org/nft/EQDMsGPjS65_PZRaV0KnM3j3GXIsteILuxD_3F2wQnlR-SB-/?to=rent
Vice Cream #359297,Vice Cream,359297,,https://t.me/nft/ViceCream-359297,https://marketapp.org/nft/EQCK_2V_InRkFU7Lp3jm4ZP9-6x0mI0cTGwpoPdkoCCm303p/?to=rent
Vice Cream #359294,Vice Cream,359294,,https://t.me/nft/ViceCream-359294,https://marketapp.org/nft/EQCsm1XLgINd9Da5fQqTmOXa-usmjJybWSKu_KJI6D6XvQ0r/?to=rent
Vice Cream #359293,Vice Cream,359293,,https://t.me/nft/ViceCream-359293,https://marketapp.org/nft/EQDEm8HwXj2k872CDk0Als64IF2wqQpqL-wmKZTbDkHUYYHh/?to=rent
Vice Cream #359291,Vice Cream,359291,,https://t.me/nft/ViceCream-359291,https://marketapp.org/nft/EQAitIHokcyGpjbk2HsfxDbFNnvVpdYgGfiy5X9e7F8f658r/?to=rent
Vice Cream #359290,Vice Cream,359290,,https://t.me/nft/ViceCream-359290,https://marketapp.org/nft/EQAiJfo4Q5KmEgQ4HuidHNalc7a8MxigjOZaUA114Kpf3Z-i/?to=rent
Vice Cream #359284,Vice Cream,359284,,https://t.me/nft/ViceCream-359284,https://marketapp.org/nft/EQD9LOtGaFTxXo8-fAwnBPDTRwXT2dm-zAmiCor1fUiXsce5/?to=rent
Vice Cream #359283,Vice Cream,359283,,https://t.me/nft/ViceCream-359283,https://marketapp.org/nft/EQDm7Doxux07HRL4YsoVYgRejhisE54t1SA7aA2eAzPl47_-/?to=rent
Vice Cream #359273,Vice Cream,359273,,https://t.me/nft/ViceCream-359273,https://marketapp.org/nft/EQCr6y3aYOT7u7agNwwluMRw1yVPk8tQ-Jaf3nob_1qBPiIG/?to=rent
Vice Cream #359270,Vice Cream,359270,,https://t.me/nft/ViceCream-359270,https://marketapp.org/nft/EQDp9DVeHdkGLRC50fWToOrRacBLr5dIVANLXn-l7sTAS71N/?to=rent
Vice Cream #359269,Vice Cream,359269,,https://t.me/nft/ViceCream-359269,https://marketapp.org/nft/EQBYEpqtfRa6LHdTJEILTp3uVV9gfkY4ckroPWs-7R98H8G5/?to=rent
Vice Cream #359261,Vice Cream,359261,,https://t.me/nft/ViceCream-359261,https://marketapp.org/nft/EQCGrBAGLb4NH-VRvIqcT1ccKVdTpd429gqFH3PDWdx8uorM/?to=rent
Vice Cream #359258,Vice Cream,359258,,https://t.me/nft/ViceCream-359258,https://marketapp.org/nft/EQDFWFarh1dX4RhG-D580oymKZxCculGDPWeNm1T5M_Vzal4/?to=rent
Vice Cream #359257,Vice Cream,359257,,https://t.me/nft/ViceCream-359257,https://marketapp.org/nft/EQDYCsQ2rlRZxDBAQlhfW9q8N3x19SBYXpjnxYkB__U8fDmR/?to=rent
Vice Cream #359256,Vice Cream,359256,,https://t.me/nft/ViceCream-359256,https://marketapp.org/nft/EQDo28nhWfnhSBcQM6T9d_zGfjDTVBWXsN4YKP7FWQ-s1Pvd/?to=rent
Vice Cream #359253,Vice Cream,359253,,https://t.me/nft/ViceCream-359253,https://marketapp.org/nft/EQCbDUoJpz_Q5hXhBO0I94enlX25i-BMWmeQdNFvVSQ6-cB2/?to=rent
Vice Cream #359249,Vice Cream,359249,,https://t.me/nft/ViceCream-359249,https://marketapp.org/nft/EQBGrPojdOUYQASFM4ELW6AAzc3NZM_NERvDf2pMgEulIzxh/?to=rent
Vice Cream #359247,Vice Cream,359247,,https://t.me/nft/ViceCream-359247,https://marketapp.org/nft/EQCgE_SD0j9gY4e7j3ajv4vQw50Oapwo3c1QUTP1GzMhF2ct/?to=rent
Vice Cream #359237,Vice Cream,359237,,https://t.me/nft/ViceCream-359237,https://marketapp.org/nft/EQAZ7kVKv8X7i_q-sMnkm3boLmXBRQ3z2rVUNvLcp3dcyf3G/?to=rent
Vice Cream #359234,Vice Cream,359234,,https://t.me/nft/ViceCream-359234,https://marketapp.org/nft/EQDPP0PLJEAbulQBRArygAC04_PlzmcgdvSSBJak3h-BEQSV/?to=rent
Vice Cream #359231,Vice Cream,359231,,https://t.me/nft/ViceCream-359231,https://marketapp.org/nft/EQC_vvf8mys2ZDw_Ic_Bh3DMu6epvGBgZNxZceo0d_P67Nxc/?to=rent
Vice Cream #359228,Vice Cream,359228,,https://t.me/nft/ViceCream-359228,https://marketapp.org/nft/EQDlwDqkFzb6tsbbSP5E9DHUetF1-gBF6iJwHspmnKM3zz56/?to=rent
Vice Cream #359224,Vice Cream,359224,,https://t.me/nft/ViceCream-359224,https://marketapp.org/nft/EQBH2aC__4Rmz2R3ZySjoLmHsmWzj9A6lTepXxhqzePnqAVl/?to=rent
Vice Cream #359222,Vice Cream,359222,,https://t.me/nft/ViceCream-359222,https://marketapp.org/nft/EQCzW4MiDXJLORlaXLpeIR8sijSYiiZDhvkPsJ53zjT05QPJ/?to=rent
Vice Cream #359219,Vice Cream,359219,,https://t.me/nft/ViceCream-359219,https://marketapp.org/nft/EQD_32Kamn7F1Z0EkFuC2rKQwEfQjyB06sHk0iz2qTSkHshj/?to=rent
Vice Cream #359214,Vice Cream,359214,,https://t.me/nft/ViceCream-359214,https://marketapp.org/nft/EQAovxIKrz_7PEQHXLaoCakj_kFkn-R8tLlM1QoagkAjWeNC/?to=rent
Vice Cream #359211,Vice Cream,359211,,https://t.me/nft/ViceCream-359211,https://marketapp.org/nft/EQDR_ZhNxhPhgFam7GBemVSGnQPYG7sxlU5VFWWI7_xu5Y4A/?to=rent
Vice Cream #359210,Vice Cream,359210,,https://t.me/nft/ViceCream-359210,https://marketapp.org/nft/EQAgYYH--2ZCopQwZcW03N89nCCXeDuHVrO1ga1MpNxFFdme/?to=rent
Vice Cream #359209,Vice Cream,359209,,https://t.me/nft/ViceCream-359209,https://marketapp.org/nft/EQCiEk_BwPaxilaz9G7bUqadUauZti4BbU5m-bnsFgmbflWp/?to=rent
Vice Cream #359207,Vice Cream,359207,,https://t.me/nft/ViceCream-359207,https://marketapp.org/nft/EQDbBhaDw-9lQqTabrlWDKeMYa70MTm72gxk-780f5MJ3u8_/?to=rent
Vice Cream #359200,Vice Cream,359200,,https://t.me/nft/ViceCream-359200,https://marketapp.org/nft/EQBBeTAAzRYG1PvwLqJPfN3cAUIf76wxqjtmE6AypuzFioPb/?to=rent
Vice Cream #359198,Vice Cream,359198,,https://t.me/nft/ViceCream-359198,https://marketapp.org/nft/EQAurHCYEKRx8l6l61icyJ1U4UOjtEQFtWsAj7xxJ2L3wKUC/?to=rent
Vice Cream #359193,Vice Cream,359193,,https://t.me/nft/ViceCream-359193,https://marketapp.org/nft/EQBJ9i61Lp1tsJ9Xz_37TduH4_zusaNyPACoPuaZv0bNOEBz/?to=rent
Vice Cream #359191,Vice Cream,359191,,https://t.me/nft/ViceCream-359191,https://marketapp.org/nft/EQDKfQipWzCbOJPKVu_YRxCPhS7KyFSMqUK0vSVpp9DCQ1rh/?to=rent
Vice Cream #359190,Vice Cream,359190,,https://t.me/nft/ViceCream-359190,https://marketapp.org/nft/EQCiv125kMH4-12Tx3hdp9aObUb14SOOIwCeoeUtj6YfaWNw/?to=rent
Vice Cream #359188,Vice Cream,359188,,https://t.me/nft/ViceCream-359188,https://marketapp.org/nft/EQAXb3JPM1PbbXIdPpz79O2UsdBRODr-4yR_3CCaNeGTU0Sp/?to=rent
Vice Cream #359187,Vice Cream,359187,,https://t.me/nft/ViceCream-359187,https://marketapp.org/nft/EQDbG7kLM3OOrXaVB3CUFj-X-VqbUljGB5vV3d42VcWJTlsw/?to=rent
Vice Cream #359185,Vice Cream,359185,,https://t.me/nft/ViceCream-359185,https://marketapp.org/nft/EQDbkgSQ2JKS8W647fDbSVEQYUTMyWw96T2Ja5a61ubgqaYg/?to=rent
Vice Cream #359184,Vice Cream,359184,,https://t.me/nft/ViceCream-359184,https://marketapp.org/nft/EQB4GmXuI-ttb0njQoFxZvLaOulfLOnsJZJ-dcTGb1xUenwb/?to=rent
Vice Cream #359181,Vice Cream,359181,,https://t.me/nft/ViceCream-359181,https://marketapp.org/nft/EQB_HOYziTm_gHqNrBntd5xwOfqg42gpP9fLGAzy5MT2a-q1/?to=rent
Vice Cream #359177,Vice Cream,359177,,https://t.me/nft/ViceCream-359177,https://marketapp.org/nft/EQAtnVd0jZDfLh5qrLeRI4q7ri3pbGelYeTrV2201SZ7Nbxr/?to=rent
Vice Cream #359176,Vice Cream,359176,,https://t.me/nft/ViceCream-359176,https://marketapp.org/nft/EQDNfkcnu8c3ue0HacsPicJ_LVwws6G2fxMJdngLk6UCNzMz/?to=rent
Vice Cream #359175,Vice Cream,359175,,https://t.me/nft/ViceCream-359175,https://marketapp.org/nft/EQAUi5WiLa00pYehhRMGN2_Rlk31_8ic1CWPvrggZ-nwOrsc/?to=rent
Vice Cream #359171,Vice Cream,359171,,https://t.me/nft/ViceCream-359171,https://marketapp.org/nft/EQDQksSdfAh1wVMw-W2I5W3ZmOiyqRf8J8IlGLnhB88daoTC/?to=rent
Vice Cream #359170,Vice Cream,359170,,https://t.me/nft/ViceCream-359170,https://marketapp.org/nft/EQDXHljCrcT5bfFFgUxC0RGlIJyuI7edXXtd20syHpn56yWC/?to=rent
Vice Cream #359168,Vice Cream,359168,,https://t.me/nft/ViceCream-359168,https://marketapp.org/nft/EQCLwQdGQKsnAbLK9fZP517OFB2ejhWENQLwXxzO40AU0T7H/?to=rent
Vice Cream #359161,Vice Cream,359161,,https://t.me/nft/ViceCream-359161,https://marketapp.org/nft/EQDC8tLHNQS2zUFC-h17Z4RjZUSOGMXcDzkImHNCYc3o0sCu/?to=rent
Vice Cream #359159,Vice Cream,359159,,https://t.me/nft/ViceCream-359159,https://marketapp.org/nft/EQCWfmGHPJHp5T1cxKqYXUDU1zOQkcus8YTORTCXk1cjSeDW/?to=rent
Vice Cream #359158,Vice Cream,359158,,https://t.me/nft/ViceCream-359158,https://marketapp.org/nft/EQANONfGnkv4ikSLdQUsXW6DdQYPmAAVHpOolHenOuQw5RoY/?to=rent
Vice Cream #359154,Vice Cream,359154,,https://t.me/nft/ViceCream-359154,https://marketapp.org/nft/EQCXG0dcaSlpAx38e_h8N9vw9eEJhdU17lUc4rJ1zN42UMMI/?to=rent
Vice Cream #359147,Vice Cream,359147,,https://t.me/nft/ViceCream-359147,https://marketapp.org/nft/EQChKvdL1fELjyDUu-BG6Knjnl5RTnS9QiL2KnJzby2M7xus/?to=rent
Vice Cream #359146,Vice Cream,359146,,https://t.me/nft/ViceCream-359146,https://marketapp.org/nft/EQBNZeAaJBsWc7K0UjRWooa6IaYXLgq9-2qcMMNIfk3zkeSd/?to=rent
Vice Cream #359144,Vice Cream,359144,,https://t.me/nft/ViceCream-359144,https://marketapp.org/nft/EQBfYab54Gdo8HvjdMG1PWSlwW5AiqFGbwXhYAmcNu5ZYI85/?to=rent
Vice Cream #359142,Vice Cream,359142,,https://t.me/nft/ViceCream-359142,https://marketapp.org/nft/EQBk-VglATEe3pXfbLo4tKvY6I6Q-WtJFIQegeJTZhl1_EU5/?to=rent
Vice Cream #359141,Vice Cream,359141,,https://t.me/nft/ViceCream-359141,https://marketapp.org/nft/EQBpLSWziBP8rhIK7I-hCHyZAsFqUayPoC0U6roZ-piNa8DD/?to=rent
Vice Cream #359137,Vice Cream,359137,,https://t.me/nft/ViceCream-359137,https://marketapp.org/nft/EQAW5kloK8VUauhWCQdVl3BwNYeip_17ClOEteBee7PqI2Vg/?to=rent
Vice Cream #359135,Vice Cream,359135,,https://t.me/nft/ViceCream-359135,https://marketapp.org/nft/EQDbb3AIax0l4KS0P4mKGI_D5IWrbAebDhcaECZNPy2d8zu1/?to=rent
Vice Cream #359134,Vice Cream,359134,,https://t.me/nft/ViceCream-359134,https://marketapp.org/nft/EQAFxfY81s9xEQh01jeR95KvCUGyXqoZIIRqfQzhiGd4cGc3/?to=rent
Vice Cream #359131,Vice Cream,359131,,https://t.me/nft/ViceCream-359131,https://marketapp.org/nft/EQD_DSIb_IeFrjJmEIwzRc59JIdncHV_uFeGGx31fT1KvSZh/?to=rent
Vice Cream #359129,Vice Cream,359129,,https://t.me/nft/ViceCream-359129,https://marketapp.org/nft/EQDIOwynczBKa7BaJ52RoaZafiS_MqyF0zL8lfy35TCfB37a/?to=rent
Vice Cream #359127,Vice Cream,359127,,https://t.me/nft/ViceCream-359127,https://marketapp.org/nft/EQAH5Z4yH5Tv9pl3ZiyJjgymfl6LKE-r9AO9bmUy83DXF3nE/?to=rent
Vice Cream #359126,Vice Cream,359126,,https://t.me/nft/ViceCream-359126,https://marketapp.org/nft/EQCJCCzGkApq9xe3DHGa0rONZPJcxKJZAJkS340qjpSHyhyX/?to=rent
Vice Cream #359125,Vice Cream,359125,,https://t.me/nft/ViceCream-359125,https://marketapp.org/nft/EQAF-xB_S9WP7LsRx3Wj28k01CGBvnlv-sPNkG45kSzoKFzG/?to=rent
Vice Cream #359120,Vice Cream,359120,,https://t.me/nft/ViceCream-359120,https://marketapp.org/nft/EQBMPOwRboRM586c-EAO4rNniEf8aXmAdjIqVEMM8GjEIl5a/?to=rent
Vice Cream #359118,Vice Cream,359118,,https://t.me/nft/ViceCream-359118,https://marketapp.org/nft/EQDuBPQ08_-rpDuQLgvNbSRcH7JWBtWu4-71ZptQUifuDVSz/?to=rent
Vice Cream #359113,Vice Cream,359113,,https://t.me/nft/ViceCream-359113,https://marketapp.org/nft/EQCt6sj5i1ZbkEEaQZqxOq6nXxbWAgj9jrv2SxrbI2tFxeQK/?to=rent
Vice Cream #359108,Vice Cream,359108,,https://t.me/nft/ViceCream-359108,https://marketapp.org/nft/EQBSvEoKdUvCzGhjNLGixe7LaoO-XCM2myyA37nUDvNwEiWA/?to=rent
Vice Cream #359105,Vice Cream,359105,,https://t.me/nft/ViceCream-359105,https://marketapp.org/nft/EQCBMCs0Y7YM-J4poJKgbXEvLA8WIqRu-U2zHJeEFO9-chu7/?to=rent
Vice Cream #359104,Vice Cream,359104,,https://t.me/nft/ViceCream-359104,https://marketapp.org/nft/EQAfu47CftrT9ylJP1-KxgqkPGmurn4wXKCbh0npV4PhqzzB/?to=rent
Vice Cream #359098,Vice Cream,359098,,https://t.me/nft/ViceCream-359098,https://marketapp.org/nft/EQDsU8hUsCPeJTwZZIqT3jtwM76z5vpcRSQai9521oQ9d3hq/?to=rent
Vice Cream #359096,Vice Cream,359096,,https://t.me/nft/ViceCream-359096,https://marketapp.org/nft/EQBVXxSs89hiSGXfSa6iweounbs_EVPNU0cgxxlAIcwqaajm/?to=rent
Vice Cream #359094,Vice Cream,359094,,https://t.me/nft/ViceCream-359094,https://marketapp.org/nft/EQBvvKSjdQ2D4qguoC-_kvZGBqaevyr6dMcVNQNCZgPcWZJr/?to=rent
Vice Cream #359091,Vice Cream,359091,,https://t.me/nft/ViceCream-359091,https://marketapp.org/nft/EQCrw_5DkCBBWa8hTnczatonPN7iU7baLkGhRYfiUTPIvh7v/?to=rent
Vice Cream #359087,Vice Cream,359087,,https://t.me/nft/ViceCream-359087,https://marketapp.org/nft/EQAkrCXDLo83xSo2wpNRkWzYcasZHmHvX2P4nfjeXpGczOos/?to=rent
Vice Cream #359086,Vice Cream,359086,,https://t.me/nft/ViceCream-359086,https://marketapp.org/nft/EQCPALrMuEhsaxWzf7gHNeGcscbqwEgHbf88AlcAB7otsuCk/?to=rent
Vice Cream #359080,Vice Cream,359080,,https://t.me/nft/ViceCream-359080,https://marketapp.org/nft/EQCDtOVKhON-ec-MTaKkJGzyp0JJTB_ErZnO9-DlI_nkaoCt/?to=rent
Vice Cream #359077,Vice Cream,359077,,https://t.me/nft/ViceCream-359077,https://marketapp.org/nft/EQC5F6wQ08wCECLGtzl0gKVrWE2nvyR0tjqAdIs6WIaJO11n/?to=rent
Vice Cream #359076,Vice Cream,359076,,https://t.me/nft/ViceCream-359076,https://marketapp.org/nft/EQAg99n3Nn4F6Sk1vWqGEsNexKxhUmIofjLLnhzd2uDdL9Zs/?to=rent
Vice Cream #359073,Vice Cream,359073,,https://t.me/nft/ViceCream-359073,https://marketapp.org/nft/EQDEfwVOYYpeqpc6br5ZFG8F8skt4yANVXWp3P1O-0W8t-LT/?to=rent
Vice Cream #359068,Vice Cream,359068,,https://t.me/nft/ViceCream-359068,https://marketapp.org/nft/EQAewoqMfAbUsvdUa9e_EmNquLNqbihBHr4M5GbL8HX7j82e/?to=rent
Vice Cream #359067,Vice Cream,359067,,https://t.me/nft/ViceCream-359067,https://marketapp.org/nft/EQBotLsKQWLX3OQHVOst_OOnI8xTCWkVhflxHTcjVBjfRIR-/?to=rent
Vice Cream #359065,Vice Cream,359065,,https://t.me/nft/ViceCream-359065,https://marketapp.org/nft/EQAV4qJExLTHDqA03mgeHYi0UVhxbfcwfJhfZuPGRhzFsWTm/?to=rent
Vice Cream #359064,Vice Cream,359064,,https://t.me/nft/ViceCream-359064,https://marketapp.org/nft/EQB2EGJRrvq5PtidWd5WYaV08H6GShdQJ_vpdg_s-AEL9DAC/?to=rent
Vice Cream #359062,Vice Cream,359062,,https://t.me/nft/ViceCream-359062,https://marketapp.org/nft/EQDDCwLeTpsGRdtFPavCO937q-TxYIA5rTq3pWTDAyQZts7Y/?to=rent
Vice Cream #359060,Vice Cream,359060,,https://t.me/nft/ViceCream-359060,https://marketapp.org/nft/EQAk-we-EApToTpoP6ybq6feKbT-DbOcS6Yzk5DqHEAY5hem/?to=rent
Vice Cream #359059,Vice Cream,359059,,https://t.me/nft/ViceCream-359059,https://marketapp.org/nft/EQB6y2jmHUygun2x1VuOFleh8il9p2pODspZd-AjPJhsmY31/?to=rent
Vice Cream #359058,Vice Cream,359058,,https://t.me/nft/ViceCream-359058,https://marketapp.org/nft/EQDl_v9KdY1WUnMBLzZEenr_z-G2-K0-WiZYqLbmDyDxIxl6/?to=rent
Vice Cream #359057,Vice Cream,359057,,https://t.me/nft/ViceCream-359057,https://marketapp.org/nft/EQAm_5z8NqhBwEwPo88PVEtpZYYZmmeMG9zJQjXwWUn2IYsk/?to=rent
Vice Cream #359056,Vice Cream,359056,,https://t.me/nft/ViceCream-359056,https://marketapp.org/nft/EQCZu8H5gYX9cmAZJqo3YFHW1UiusquS5yP7r0c36a7oTTQw/?to=rent
Vice Cream #359055,Vice Cream,359055,,https://t.me/nft/ViceCream-359055,https://marketapp.org/nft/EQCjviKtLBzxYdMMCq3fgpJ3yHBt_5bdTJtkAW5_iuRko1Dh/?to=rent
Vice Cream #359054,Vice Cream,359054,,https://t.me/nft/ViceCream-359054,https://marketapp.org/nft/EQCO4mwcq5cYw9kIJQBeYN0JkENOvwlbb_B-X_6-f-2WUM1z/?to=rent
Vice Cream #359053,Vice Cream,359053,,https://t.me/nft/ViceCream-359053,https://marketapp.org/nft/EQAW_q1BDaP9GoN0IxTofUePKOwlWHaoiaaFhTNwXmclPD35/?to=rent
Vice Cream #359049,Vice Cream,359049,,https://t.me/nft/ViceCream-359049,https://marketapp.org/nft/EQArCn7Gj4V7wXKbs_FZtu6YDpVctZpHGVMco0qXG6NyDyGT/?to=rent
Vice Cream #359047,Vice Cream,359047,,https://t.me/nft/ViceCream-359047,https://marketapp.org/nft/EQALHbpWjj16aUINd18nkXoglnkfUmBwYRY-RHBTUyIUeauf/?to=rent
Vice Cream #359045,Vice Cream,359045,,https://t.me/nft/ViceCream-359045,https://marketapp.org/nft/EQBrwqOYuXVtp8CW-2nYd9Xxp_o12QXlpORdHQOjSzAXMWo2/?to=rent
Vice Cream #359031,Vice Cream,359031,,https://t.me/nft/ViceCream-359031,https://marketapp.org/nft/EQDGAcPg-y7z7HT7xU25tuA_ueBVAWHOBBJbFp9ypoI1w622/?to=rent
Vice Cream #359029,Vice Cream,359029,,https://t.me/nft/ViceCream-359029,https://marketapp.org/nft/EQB5I9HeJlO-8sbgc0DcVuXwODzY5BhmRB4jSiMzyggU2LZ_/?to=rent
Vice Cream #359028,Vice Cream,359028,,https://t.me/nft/ViceCream-359028,https://marketapp.org/nft/EQDQfc_yk5gf0r39amEpA2Q4F5jnQfqGSNRpDbp4nqM6wJON/?to=rent
Vice Cream #359027,Vice Cream,359027,,https://t.me/nft/ViceCream-359027,https://marketapp.org/nft/EQB83qghj1x-6RrS5XTEn0vf_gVmpeMKRgW-oR1TVAQpVDet/?to=rent
Vice Cream #359023,Vice Cream,359023,,https://t.me/nft/ViceCream-359023,https://marketapp.org/nft/EQD8iYCAy9NCxX2s0bEfi2y_-eALV714U9bht--a9gNDdSNb/?to=rent
Vice Cream #359019,Vice Cream,359019,,https://t.me/nft/ViceCream-359019,https://marketapp.org/nft/EQAG4kl-U0Bc7K_lnStdJMCA9MHcBnOLu7J8QkTTkNizRaAL/?to=rent
Vice Cream #359015,Vice Cream,359015,,https://t.me/nft/ViceCream-359015,https://marketapp.org/nft/EQBRqjt6myrMBxfdpjHqMuE_pVEsoDeIKO_0GAb7yGS_i-m_/?to=rent
Vice Cream #359014,Vice Cream,359014,,https://t.me/nft/ViceCream-359014,https://marketapp.org/nft/EQCBTXi0CVYd1jwxP56xjq_ahvHO7o2rRNLc7CW9IKE-1Rl4/?to=rent
Vice Cream #359010,Vice Cream,359010,,https://t.me/nft/ViceCream-359010,https://marketapp.org/nft/EQALwm3Gylhmt5pkTUGPLaLySK4I3HdvFe_6JDQcHnOTd93S/?to=rent
Vice Cream #359008,Vice Cream,359008,,https://t.me/nft/ViceCream-359008,https://marketapp.org/nft/EQD___WHdYfBxMWO8Qtnsb_9FfSoTuL1ZNY1p5m4ARqKBXQH/?to=rent
Vice Cream #359006,Vice Cream,359006,,https://t.me/nft/ViceCream-359006,https://marketapp.org/nft/EQDFHa67TL6-kW0aXbG9HMskSqP7qymjiftpguq2N6x6kBQU/?to=rent
Vice Cream #359005,Vice Cream,359005,,https://t.me/nft/ViceCream-359005,https://marketapp.org/nft/EQCY_982NgMIMwBpu_pnDUiaU0xhulmuj2HZpdo5KfuohQsA/?to=rent
Vice Cream #359004,Vice Cream,359004,,https://t.me/nft/ViceCream-359004,https://marketapp.org/nft/EQBXq7UmYQR03Yl663_aMapWsR0Ce9vaAV0Wav_dJ_DUUwH4/?to=rent
Vice Cream #359001,Vice Cream,359001,,https://t.me/nft/ViceCream-359001,https://marketapp.org/nft/EQDEkApiA2HeI-rrITb8vEICE6Y0ajXKg7yUX2-JxwouF-dp/?to=rent
Vice Cream #359000,Vice Cream,359000,,https://t.me/nft/ViceCream-359000,https://marketapp.org/nft/EQBtCw1wdKESgs8zxdBNMBUULF1WAdyssU9t-dsK-Nu9HqOj/?to=rent
Vice Cream #358997,Vice Cream,358997,,https://t.me/nft/ViceCream-358997,https://marketapp.org/nft/EQDNg0SwFwTUXnOUGhuCc9PzFd8-otUC5NVdM63r8KI5BEYR/?to=rent
Vice Cream #358994,Vice Cream,358994,,https://t.me/nft/ViceCream-358994,https://marketapp.org/nft/EQCtIHfV8yTs_oERBSZ7ZThEjL-AO9TM4MHJzvupIFns2wLP/?to=rent
Vice Cream #358991,Vice Cream,358991,,https://t.me/nft/ViceCream-358991,https://marketapp.org/nft/EQBfAdNhWM6W85gSGpOoQ9j-oQ3G_TT_t7bb4HlkP0ZfuGPV/?to=rent
Vice Cream #358983,Vice Cream,358983,,https://t.me/nft/ViceCream-358983,https://marketapp.org/nft/EQDrfZMVLb5MRMJg8KHhc3kwY2mqQzKUHmSEstATUJW1GUFp/?to=rent
Vice Cream #358980,Vice Cream,358980,,https://t.me/nft/ViceCream-358980,https://marketapp.org/nft/EQB3goneBEd05E9TpI5Cs3O-LpXorbodmElQgsFIWhF_uWna/?to=rent
Vice Cream #358977,Vice Cream,358977,,https://t.me/nft/ViceCream-358977,https://marketapp.org/nft/EQCSv4P5Tcaz4AqkKFdG4mcWo2L-EUeqBgX2ybdjx8SojWrC/?to=rent
Vice Cream #358970,Vice Cream,358970,,https://t.me/nft/ViceCream-358970,https://marketapp.org/nft/EQDIoCrGO6jDVdohXzRHp2igoCnf93MyE8RRvDmdvj2ndWwm/?to=rent
Vice Cream #358961,Vice Cream,358961,,https://t.me/nft/ViceCream-358961,https://marketapp.org/nft/EQDscepjhxekrPl_Amk6Uki5w81SeeGHBfqVHxUovUKLX4Oe/?to=rent
Vice Cream #358958,Vice Cream,358958,,https://t.me/nft/ViceCream-358958,https://marketapp.org/nft/EQAIX5CqrIwkRK9EPOdJLisf4qk44vSupzkaI0QJXzpabDJr/?to=rent
Vice Cream #358957,Vice Cream,358957,,https://t.me/nft/ViceCream-358957,https://marketapp.org/nft/EQDqsrKD42Dtr4yaGyj3azj5hYsq-ZujQw6i8Oq5a5MIANqm/?to=rent
Vice Cream #358955,Vice Cream,358955,,https://t.me/nft/ViceCream-358955,https://marketapp.org/nft/EQBc1l2AD_Y1IpzmhfuxAG8aeHk13OLkFLRJp916TPV05Yct/?to=rent
Vice Cream #358954,Vice Cream,358954,,https://t.me/nft/ViceCream-358954,https://marketapp.org/nft/EQBeneVb4iYjDTMS7zyzpY3zyjodIZLoqUBtSvCwR_Iv40vc/?to=rent
Vice Cream #358952,Vice Cream,358952,,https://t.me/nft/ViceCream-358952,https://marketapp.org/nft/EQDtvkxe07WywATUnXkcIriSE6C1fLtXSSkywt19irmlox81/?to=rent
Vice Cream #358951,Vice Cream,358951,,https://t.me/nft/ViceCream-358951,https://marketapp.org/nft/EQDY9Jtvgv5CDkazaAQta-oC_Jh4wygKl_vf4A9CTIlQCAj6/?to=rent
Vice Cream #358949,Vice Cream,358949,,https://t.me/nft/ViceCream-358949,https://marketapp.org/nft/EQAnd3WHSHayDVrYIRVS1dPjTKbRnfSggoTqmc4a5k36_oSL/?to=rent
Vice Cream #358943,Vice Cream,358943,,https://t.me/nft/ViceCream-358943,https://marketapp.org/nft/EQDD9XIiQrtqVVMsX2s0pot8IMZuaydvvKhs_GBBkOEwieH6/?to=rent
Vice Cream #358936,Vice Cream,358936,,https://t.me/nft/ViceCream-358936,https://marketapp.org/nft/EQB6WBFpYvenVRsKjdq1seyOQ2uO9XI8h4Fjy5F_hKlIjpsz/?to=rent
Vice Cream #358935,Vice Cream,358935,,https://t.me/nft/ViceCream-358935,https://marketapp.org/nft/EQB2UWxM63c5p_8EHoeuYJR36XLDf9Obxf8VbkbXLQ9KlGFh/?to=rent
Vice Cream #358931,Vice Cream,358931,,https://t.me/nft/ViceCream-358931,https://marketapp.org/nft/EQAFQireUmYLAL_xYkm_4X9x65rg0ZW6uWzd0MzxxqRfHlV_/?to=rent
Vice Cream #358930,Vice Cream,358930,,https://t.me/nft/ViceCream-358930,https://marketapp.org/nft/EQDgobCRPwLIKRMrOESxyZtNtuG0sI_znfn-aSS1CHUDt6ZI/?to=rent
Vice Cream #358924,Vice Cream,358924,,https://t.me/nft/ViceCream-358924,https://marketapp.org/nft/EQDTt8Ht6_yuFB4oRI8HLqWtPWRYVTnK1HpQ9e2aUnYqETwp/?to=rent
Vice Cream #358919,Vice Cream,358919,,https://t.me/nft/ViceCream-358919,https://marketapp.org/nft/EQAGB9KTAJH2itLdd8iXIsU_11d87-23yMQouKHuGdQlVl8a/?to=rent
Vice Cream #358916,Vice Cream,358916,,https://t.me/nft/ViceCream-358916,https://marketapp.org/nft/EQBUKUVKTpHbGS9K8uiR8tEeGelFTBSiOMAP6lH0kjRe9gMm/?to=rent
Vice Cream #358913,Vice Cream,358913,,https://t.me/nft/ViceCream-358913,https://marketapp.org/nft/EQCox9SgYuHKP7Bo0pj1hKkGgHGLoIBcpuIMn7Vk4EgS-rbr/?to=rent
Vice Cream #358911,Vice Cream,358911,,https://t.me/nft/ViceCream-358911,https://marketapp.org/nft/EQB6axyH-ENWyF8sxdbsYRZAyxfLQ9EKnbYx3VwznyKNmWXS/?to=rent
Vice Cream #358907,Vice Cream,358907,,https://t.me/nft/ViceCream-358907,https://marketapp.org/nft/EQDXXQ5Jfq1fDw-g94L6DeHBONw2dJEbDCNeV5BvD-R43ocI/?to=rent
Vice Cream #358901,Vice Cream,358901,,https://t.me/nft/ViceCream-358901,https://marketapp.org/nft/EQChbP6pEVswodprnvnq5WAm62YzQQD_oPM7OVXme63scMvF/?to=rent
Vice Cream #358899,Vice Cream,358899,,https://t.me/nft/ViceCream-358899,https://marketapp.org/nft/EQAFgzljT0lP-rSZce5LjI7ZWA9v7MdHUY09cY4nNdC35qsk/?to=rent
Vice Cream #358897,Vice Cream,358897,,https://t.me/nft/ViceCream-358897,https://marketapp.org/nft/EQDdnoiFKur423gy7ZBeowoTkkO77Y7LVftpE4v-F5DBRK5T/?to=rent
Vice Cream #358896,Vice Cream,358896,,https://t.me/nft/ViceCream-358896,https://marketapp.org/nft/EQBssiDKoQEsuc43G08LCHNswjp82h3fxdsmRL7nihk5HPQe/?to=rent
Vice Cream #358895,Vice Cream,358895,,https://t.me/nft/ViceCream-358895,https://marketapp.org/nft/EQCyALy4lMCti2-JcmngcT2wgJvFsgG79OdWuGvcOujfk7hO/?to=rent
Vice Cream #358891,Vice Cream,358891,,https://t.me/nft/ViceCream-358891,https://marketapp.org/nft/EQCArd7UrPdZeI57JQU_LjwunWlC35e-F758AhQAMo7JDYeX/?to=rent
Vice Cream #358878,Vice Cream,358878,,https://t.me/nft/ViceCream-358878,https://marketapp.org/nft/EQAJ1llnx9QX6U3rgrXqLaYC-N32q733gof06qbPlt3hFVZJ/?to=rent
Vice Cream #358876,Vice Cream,358876,,https://t.me/nft/ViceCream-358876,https://marketapp.org/nft/EQBlGHV32g6FX2NUezG7mWtqY4WchW5aREmZ4b1KQ8z8UwPH/?to=rent
Vice Cream #358869,Vice Cream,358869,,https://t.me/nft/ViceCream-358869,https://marketapp.org/nft/EQAsGdetEh9rbOHfsqNcMSK8ruXyhzbchn7MSo0ZkkSkapeO/?to=rent
Vice Cream #358867,Vice Cream,358867,,https://t.me/nft/ViceCream-358867,https://marketapp.org/nft/EQAScoud3s4WNvijVtEzU-kg9uv9D8MbAg03o19hpGFwKJRw/?to=rent
Vice Cream #358857,Vice Cream,358857,,https://t.me/nft/ViceCream-358857,https://marketapp.org/nft/EQC9CstWykhNSB5IyA_-iIvAnaVjjZUtKX4aHQuK1pvNT2KG/?to=rent
Vice Cream #358853,Vice Cream,358853,,https://t.me/nft/ViceCream-358853,https://marketapp.org/nft/EQAfLuA1b_rJ7fi8uulr0KlR3K1vdxflj28yQ5PCgePr0fZw/?to=rent
Vice Cream #358849,Vice Cream,358849,,https://t.me/nft/ViceCream-358849,https://marketapp.org/nft/EQAMOgqOeY_4B8UWY83cyVM9IeQGHYO1_VYZrV3e3lJ1YkB-/?to=rent
Vice Cream #358848,Vice Cream,358848,,https://t.me/nft/ViceCream-358848,https://marketapp.org/nft/EQBjvmcya3C8s1lWdmnEUBYEZyZGNkjsoHr3kNJRF4gemPCm/?to=rent
Vice Cream #358847,Vice Cream,358847,,https://t.me/nft/ViceCream-358847,https://marketapp.org/nft/EQB686d59EFy39kpRfVWJSlCE9lXDJ0oxvNHN8ZIY9tPyKH8/?to=rent
Vice Cream #358844,Vice Cream,358844,,https://t.me/nft/ViceCream-358844,https://marketapp.org/nft/EQCwwdjv284ZRA2LYIdZT-2hQVvbUBc89LWUzvGfW7KmzVBZ/?to=rent
Vice Cream #358842,Vice Cream,358842,,https://t.me/nft/ViceCream-358842,https://marketapp.org/nft/EQDlvi0vNeuLX8Q9MlpUJzugnHJdJtQIu4gqbD-lvD21Wbv1/?to=rent
Vice Cream #358841,Vice Cream,358841,,https://t.me/nft/ViceCream-358841,https://marketapp.org/nft/EQDC72fdC-Wn50BQEX8rEC5BEkFcW8M2mIrJsAO4DVWJNzlQ/?to=rent
Vice Cream #358840,Vice Cream,358840,,https://t.me/nft/ViceCream-358840,https://marketapp.org/nft/EQBeCzC-U55F9lqC2UGNeec2uKW5SVQVtqyEUN8_3w4Gicej/?to=rent
Vice Cream #358837,Vice Cream,358837,,https://t.me/nft/ViceCream-358837,https://marketapp.org/nft/EQD_MdOyOJvUYL94JjL1j7w_FbBgNP1wOa43FZlVC2q7naXT/?to=rent
Vice Cream #358836,Vice Cream,358836,,https://t.me/nft/ViceCream-358836,https://marketapp.org/nft/EQD0DqvY9jzt_dkGH32PT8ZIsaRC3aUCjED9rDQJpSM5lBrI/?to=rent
Vice Cream #358829,Vice Cream,358829,,https://t.me/nft/ViceCream-358829,https://marketapp.org/nft/EQCE1cZOo_PKNXchfyr7xee5Nc8m58Ex_2Y6gBX7DAeIRjnW/?to=rent
Vice Cream #358828,Vice Cream,358828,,https://t.me/nft/ViceCream-358828,https://marketapp.org/nft/EQBt1jpIfX9CvwGb7FyFXUNdikvLF6KwC2OjrfXxjcV3cBTO/?to=rent
Vice Cream #358824,Vice Cream,358824,,https://t.me/nft/ViceCream-358824,https://marketapp.org/nft/EQAL2XcKeiwBFBcf1L0-R8Jnvu_qPmea4mcRLyKT5W04JeU5/?to=rent
Vice Cream #358823,Vice Cream,358823,,https://t.me/nft/ViceCream-358823,https://marketapp.org/nft/EQBaIdImucFBPzP72QONaxhrGtXTSA-ZEmYkX6YoY7nUc8Rz/?to=rent
Vice Cream #358822,Vice Cream,358822,,https://t.me/nft/ViceCream-358822,https://marketapp.org/nft/EQCLdjL9CI1UtmGLZnVO7uWuIzMOGJrgI3eRNGaSKt9DVdXc/?to=rent
Vice Cream #358820,Vice Cream,358820,,https://t.me/nft/ViceCream-358820,https://marketapp.org/nft/EQCFcTcDB8dC_g9WFLlyadCq28Ee1zRooqXw9MCbQ2kcodfY/?to=rent
Vice Cream #358817,Vice Cream,358817,,https://t.me/nft/ViceCream-358817,https://marketapp.org/nft/EQBJu3kXM6QN0FFBmyhBGlQ0jj8T0RqVMhCkl1QZz8LROSIc/?to=rent
Vice Cream #358815,Vice Cream,358815,,https://t.me/nft/ViceCream-358815,https://marketapp.org/nft/EQD3oV-cDJj5E-HTpNfNFOlhG5IjEt-QLtN-_LrcyQvI8nwx/?to=rent
Vice Cream #358814,Vice Cream,358814,,https://t.me/nft/ViceCream-358814,https://marketapp.org/nft/EQC2kFphIki1uB0-eTL9yZAw7O4UOpBDMG4_kfcdBdP8qRmp/?to=rent
Vice Cream #358813,Vice Cream,358813,,https://t.me/nft/ViceCream-358813,https://marketapp.org/nft/EQDnDYIP-vB3S_LUuUQcYVnMZdBJ3DIqyH40rTClhI9YlP8_/?to=rent
Vice Cream #358810,Vice Cream,358810,,https://t.me/nft/ViceCream-358810,https://marketapp.org/nft/EQAUbm6NlM3pY5KOloilN-3JzcovJ8iuiAMh1Yr35g3mr9ww/?to=rent
Vice Cream #358808,Vice Cream,358808,,https://t.me/nft/ViceCream-358808,https://marketapp.org/nft/EQBac28VW3xMUbxT6Sw7jeGYPgucw-g1nbivROKtFVtUROM3/?to=rent
Vice Cream #358800,Vice Cream,358800,,https://t.me/nft/ViceCream-358800,https://marketapp.org/nft/EQCINQ8K5_XSOfMxfYYrzC6smvTOSTo9Sb6GqGLTbDJHk0rQ/?to=rent
Vice Cream #358798,Vice Cream,358798,,https://t.me/nft/ViceCream-358798,https://marketapp.org/nft/EQDmWe64i68sQjxfI_UnvTFYBYrGCzkymPby_nN8x9O8fuMl/?to=rent
Vice Cream #317872,Vice Cream,317872,,https://t.me/nft/ViceCream-317872,https://marketapp.org/nft/EQB6LEqF0DuWLQszOV3xV73x7uV9GG3dkkVo_XTKpLm0mygo/?to=rent
Vice Cream #280822,Vice Cream,280822,,https://t.me/nft/ViceCream-280822,https://marketapp.org/nft/EQBE4-inhOgBuZlnGg2fDYNpXti4rmun_sk-y7dNiCW0Meqo/?to=rent
Vice Cream #128565,Vice Cream,128565,,https://t.me/nft/ViceCream-128565,https://marketapp.org/nft/EQD3U91mm_xuMIX5e8fPXtb0YZKsjlwLovCjLsG0XDBR-JhQ/?to=rent
